Country,Speed.Number,first_date,order,total_deaths,p.db,ylds.db,p.copd,ylds.copd,p.hiv,ylds.hiv,p.tbc,ylds.tbc,GDP_2017,pop_men,pop_women,prop_men,pm2.5,UHC_index_2017
Afghanistan,0.888888889,2/24/20,34,0,0.105598924,0.052701835,0.050140111,0.03048439,0.000185659,0.000165004,0.261145918,0.001077681,556.3021385,16743202.18,16111564.4,0.509612574,53.2,37
Albania,5.846153846,3/9/20,48,2,0.044023462,0.032645904,0.042847605,0.023330625,1.18E-05,1.73E-05,0.132001191,0.000263812,4532.890162,1389607.898,1376553.655,0.502359631,17.9,59
Algeria,5.346153846,2/25/20,35,15,0.085690849,0.054947938,0.038137093,0.029308695,0.000285484,0.000260615,0.117466501,0.00037949,4044.298372,20482074.72,19981623.42,0.506183954,35.2,78
Angola,1,3/20/20,59,0,0.097936219,0.068842935,0.030039942,0.030925239,0.013423426,0.014101079,0.222920506,0.005276856,4095.812942,13684538.05,14517760.6,0.485227755,27.9,40
Antigua and Barbuda,0.111111111,3/13/20,52,0,0.085483858,0.07191854,0.020194663,0.01233317,0.000959695,0.001538015,0.189396299,0.00019495,15383.41519,43283.71326,45673.63979,0.48656701,17.9,73
Argentina,8.315789474,3/3/20,42,4,0.06874608,0.046176023,0.037633593,0.020310723,0.004848244,0.004470382,0.152910076,0.000247522,14591.86338,21575051.67,22690857.53,0.487396556,11.8,76
Armenia,7.619047619,3/1/20,40,0,0.089223096,0.068957679,0.042156054,0.023943972,0.000547289,0.00052425,0.145043189,0.000527435,3914.501268,1459556.708,1567674.722,0.482142427,30.5,69
Australia,19.125,1/26/20,5,7,0.042799115,0.02665448,0.0332226,0.018714305,0.000612564,0.000369133,0.090995926,0.000112352,54066.47127,11831140.88,12111940.67,0.494136097,7.2,87
Austria,108.2307692,2/25/20,35,8,0.058980354,0.035797357,0.057641599,0.02208838,0.001626282,0.001041719,0.074060069,0.00015145,47431.63061,4324554.169,4468571.262,0.491810813,12.4,79
Azerbaijan,2.523809524,3/1/20,40,1,0.087363812,0.068389088,0.041786659,0.02386359,0.000279661,0.000228244,0.160870124,0.001273772,4147.089716,5102958.272,5122062.299,0.49906582,18.2,65
Bahrain,11.2962963,2/24/20,34,1,0.118086356,0.072217979,0.038123516,0.029779552,0.000174035,0.000196372,0.147942696,0.000285591,23715.48275,912885.3221,557487.3858,0.62085301,69,77
Bangladesh,1.785714286,3/8/20,47,2,0.055005617,0.038357138,0.038670637,0.038936974,6.27E-05,0.000107512,0.134078308,0.003701967,1563.994082,77650600.85,79330401.24,0.49464967,58.3,48
Barbados,1.2,3/17/20,56,0,0.090015311,0.081048599,0.019354912,0.012750063,0.004921723,0.004501477,0.188309577,0.000115654,17431.60292,142470.527,153413.2946,0.481508337,22.2,77
Belarus,3.304347826,2/28/20,38,0,0.049948325,0.034738095,0.040555166,0.021205277,0.001760285,0.001308003,0.125197789,0.000531061,5761.74712,4418034.907,5073004.721,0.46549536,18.1,76
Belgium,59.89361702,2/4/20,14,67,0.069307979,0.04410286,0.051942658,0.026240884,0.001690648,0.001024275,0.076301438,0.000145413,44219.562,5565653.074,5753757.764,0.491691057,12.9,84
Benin,0.333333333,3/16/20,55,0,0.064578525,0.048710181,0.033829785,0.034461626,0.008235627,0.006493666,0.319149178,0.003945595,829.4788028,5686158.714,5899142.113,0.490808033,33.1,40
Bhutan,0.125,3/6/20,45,0,0.057367027,0.040611447,0.031007859,0.036494526,0.001111429,0.001466411,0.132758016,0.003238348,3286.574704,506853.6718,450556.5773,0.529400716,35.3,62
Bolivia,1.727272727,3/11/20,50,0,0.069900916,0.057695412,0.027270299,0.016456529,0.002027702,0.002232416,0.237397368,0.000893414,3351.124053,5775339.406,5767655.305,0.500332847,20.2,68
Bosnia and Herzegovina,5.470588235,3/5/20,44,1,0.081753615,0.056371333,0.054130321,0.027371834,1.09E-05,1.36E-05,0.140800336,0.000486812,5394.59122,1668273.698,1730965.763,0.490778516,27.3,61
Brazil,40.84,2/26/20,36,15,0.041785927,0.033537865,0.040503984,0.019620169,0.004100273,0.003704107,0.247557096,0.000338029,9880.946543,103513823.3,108298884,0.4887045,11.5,79
Brunei,6.384615385,3/9/20,48,0,0.112552509,0.075975791,0.027322491,0.021568565,0.00094634,0.00082336,0.264313131,0.001200581,28572.14678,225940.1729,206510.5607,0.522464538,5.8,81
Bulgaria,11.64285714,3/8/20,47,3,0.054775635,0.040084991,0.053745812,0.028816955,0.000237059,0.000239052,0.12761783,0.000354396,8228.01157,3423854.606,3628484.743,0.485492038,18.8,66
Burkina Faso,5.333333333,3/10/20,49,2,0.05333225,0.040250964,0.03359105,0.034125123,0.006602833,0.005925118,0.343912882,0.005013605,642.4298387,10251682.06,10870284.08,0.485356429,36.8,40
Cambodia,0.963636364,1/27/20,6,0,0.074806567,0.054327144,0.038397336,0.041690918,0.005036059,0.004449917,0.2749232,0.012023692,1385.458363,7900770.029,8221613.13,0.490049762,24,60
Cameroon,1.6875,3/6/20,45,0,0.05364677,0.038739585,0.034654507,0.034692098,0.027786742,0.027426457,0.296909517,0.003751886,1421.587492,13830871.2,13938867.07,0.498055512,65.3,46
Canada,22.82142857,1/26/20,5,19,0.052133363,0.036679537,0.032014622,0.017205375,0.002088599,0.001310631,0.055698732,9.25E-05,45069.92725,17701594.08,18281323.48,0.49194438,6.5,89
Cape Verde,2,3/20/20,59,0,0.059079125,0.049628886,0.015853115,0.018522078,0.008647109,0.009025001,0.218462921,0.003346082,3292.645755,274404.1874,271401.6888,0.502750519,32,69
Central African Republic,0.428571429,3/15/20,54,0,0.097474698,0.064822133,0.034341225,0.033251263,0.025556555,0.027076394,0.303817229,0.006593448,449.7864235,2299447.665,2323067.299,0.497445153,49.5,33
Chad,0.333333333,3/19/20,58,0,0.057187306,0.039764371,0.038324474,0.035635844,0.013595186,0.011973812,0.379851335,0.004805485,664.3033157,7548807.072,7673278.494,0.495911486,53,28
Chile,28.26315789,3/3/20,42,0,0.068184073,0.043294242,0.032761076,0.016756744,0.003275966,0.002858595,0.126451741,0.00023901,15037.35028,8793992.521,9124242.382,0.490784531,21,70
China,1355.083333,1/22/20,1,3259,0.050365735,0.039993121,0.037978755,0.041705561,0.000381717,0.000633624,0.284523774,0.004512138,8759.041578,721191249.5,691289140.7,0.510584964,49.2,79
Colombia,12.25,3/6/20,45,0,0.041494923,0.03894463,0.031098409,0.024889451,0.002277139,0.002466689,0.216167114,0.000291038,6375.932063,24845206.3,25760950.77,0.490952243,15.2,76
Congo (Brazzaville),0.428571429,3/15/20,54,0,0.099699981,0.071336169,0.028330738,0.029580274,0.021447512,0.022986881,0.221988733,0.004339229,1702.571349,2440687.597,2472384.782,0.496774199,38.7,39
Congo (Kinshasa),2.090909091,3/11/20,50,1,0.091220642,0.06289494,0.03277244,0.033006917,0.00599321,0.005577442,0.240491753,0.006921895,467.0742375,40415183.62,40469487.04,0.499664316,37.6,41
Costa Rica,7.3125,3/6/20,45,2,0.047707419,0.043560898,0.031418667,0.024460688,0.001738725,0.00185147,0.196076249,0.000166297,11752.5434,2259968.325,2393765.448,0.485624755,15.9,77
Cote d'Ivoire,1.272727273,3/11/20,50,0,0.058956848,0.044338486,0.031923122,0.032251028,0.025797207,0.023830714,0.366798392,0.004149939,1557.182814,12885304.08,12079975.11,0.51612898,23.7,47
Croatia,7.923076923,2/25/20,35,1,0.067011632,0.056051104,0.050308733,0.026344526,0.000138826,0.000104651,0.106397385,0.000236981,13412.34195,2072460.405,2203035.413,0.48472984,17,71
Cuba,2.1,3/12/20,51,1,0.057942243,0.052627481,0.028038549,0.019033695,0.002246192,0.002089736,0.170758307,0.000115226,8541.210673,5667319.507,5709349.427,0.498152802,18.4,83
Cyprus,6.461538462,3/9/20,48,0,0.074830047,0.045215462,0.039642957,0.021970392,0.000334194,0.000244794,0.079055873,0.000140238,25760.7627,626294.2453,636337.903,0.49602273,16.8,78
Czech Republic,47.38095238,3/1/20,40,0,0.077190172,0.052734911,0.051659746,0.02587419,0.000135172,0.000101124,0.102436993,0.000150748,20379.89604,5211198.744,5381532.785,0.491959862,15.1,76
Denmark,59.16666667,2/27/20,37,13,0.104073988,0.055555509,0.039738358,0.021462058,0.001016432,0.000671683,0.076398785,0.000130257,57141.05984,2850897.389,2881380.762,0.497341077,10.1,81
Djibouti,0.25,3/18/20,57,0,0.065736988,0.056325697,0.018967806,0.023712041,0.010977896,0.01527267,0.339141798,0.005370052,2930.703172,591066.3821,522034.0828,0.531009016,40.4,47
Dominican Republic,5.333333333,3/1/20,40,2,0.06107225,0.053239185,0.025547883,0.01630248,0.006983183,0.008202526,0.224097174,0.000579574,7609.345492,5251580.466,5200169.218,0.502459457,12.9,74
Ecuador,24.0952381,3/1/20,40,7,0.060993637,0.053640625,0.023352853,0.015096436,0.002397348,0.002844382,0.184165595,0.00043202,6213.501276,8295257.57,8390931.722,0.497133134,14.9,77
Egypt,7.945945946,2/14/20,24,10,0.091873202,0.064121647,0.044715403,0.033627608,5.12E-05,3.88E-05,0.230796792,0.000285066,2440.510173,49772262.01,46711747.04,0.515860219,79.3,68
El Salvador,1,3/19/20,58,0,0.07271352,0.063784505,0.02980141,0.022106063,0.003823793,0.003686482,0.239622888,0.000316297,3902.242318,2850599.749,3236347.149,0.468313556,23.4,76
Equatorial Guinea,0.857142857,3/15/20,54,0,0.112224677,0.082338678,0.024582556,0.026560494,0.041001476,0.041802009,0.164047283,0.004280092,9738.434224,723068.0811,621962.8368,0.537584729,45.9,45
Eritrea,1,3/21/20,60,0,0.0627804,0.045434828,0.021465594,0.023324974,0.005872251,0.006474341,0.302048594,0.00714949,582.78,2919983.005,2939345.988,0.498347679,42.4,38
Estonia,12.75,2/27/20,37,0,0.069088654,0.048074948,0.037569601,0.01947923,0.002926453,0.001922729,0.110559343,0.000313063,20337.84973,617044.6827,697498.6387,0.469398515,6.7,75
Ethiopia,1,3/13/20,52,0,0.045455901,0.036760725,0.018337153,0.021788073,0.009306819,0.00804539,0.210676144,0.005426244,768.4250255,51899822.89,50984115.4,0.504450197,34.4,39
Fiji,0.333333333,3/19/20,58,0,0.22217619,0.152014184,0.033480526,0.031806378,0.000500744,0.000458891,0.375309339,0.001625316,6101.030839,460277.6863,446661.0635,0.507506914,10.2,64
Finland,9.867924528,1/29/20,8,1,0.085872044,0.048393388,0.030311969,0.016905089,0.000410912,0.000257352,0.071350314,0.000109277,46191.93116,2721021.45,2796956.411,0.493119313,5.9,78
France,248.8103448,1/24/20,3,562,0.049068711,0.026762633,0.032414559,0.011496446,0.00145282,0.001061978,0.078407151,0.000149764,38679.12715,31901434.37,33811164.89,0.485469069,11.6,78
Gabon,0.5,3/14/20,53,1,0.103069907,0.075585657,0.023425041,0.024846109,0.025324476,0.018633107,0.195166001,0.003894457,7212.535744,823558.6542,879161.1539,0.483672446,38.5,49
Georgia,1.96,2/26/20,36,0,0.098155387,0.077141003,0.042945385,0.024526429,0.00131122,0.001206739,0.156282482,0.000961576,4357.011625,1767477.548,1923844.271,0.478819684,21.2,66
Germany,403.8727273,1/27/20,6,84,0.059218702,0.030474188,0.048479959,0.026599667,0.001249888,0.000775496,0.078426656,0.000131524,44240.04411,40999946.45,42294577.34,0.492228595,11.7,83
Ghana,2.375,3/14/20,53,1,0.065415077,0.051254307,0.036259365,0.037901767,0.012082893,0.013699243,0.281550699,0.005070146,2025.885857,14680691.5,15524600.21,0.486030449,31.9,47
Greece,21.2,2/26/20,36,13,0.063927409,0.040271697,0.040133668,0.030404704,0.000410233,0.000294725,0.079274625,0.000131387,18883.46007,5088523.564,5313794.966,0.489172058,15.7,75
Guatemala,2.125,3/14/20,53,1,0.088013285,0.075931272,0.033999851,0.024548068,0.002237299,0.002343701,0.30125244,0.000270759,4470.609994,8220156.128,8704051.916,0.485704034,23.6,55
Guinea,0.222222222,3/13/20,52,0,0.050785183,0.038430345,0.035428781,0.036254732,0.011839296,0.010347277,0.370528474,0.004974687,855.5736399,5716155.069,6103831.821,0.483600796,22.4,37
Guyana,0.7,3/12/20,51,1,0.099488315,0.07916189,0.024113156,0.013838787,0.01281566,0.009908908,0.27905226,0.000544398,4586.054572,366309.3334,375992.9947,0.493477279,20.5,72
Haiti,1,3/20/20,59,0,0.086675348,0.063141001,0.036538221,0.019296469,0.015674632,0.01130314,0.392584299,0.000623986,765.7272943,5713846.49,6110988.779,0.48320728,14.6,49
Honduras,2.181818182,3/11/20,50,0,0.066072913,0.057002138,0.039918414,0.02917047,0.001057663,0.000837625,0.328864929,0.000454621,2449.964691,4636270.807,4862543.831,0.488089407,20.1,65
Hungary,5.722222222,3/4/20,43,4,0.07441371,0.046782193,0.060880631,0.0309083,0.000128781,0.000103825,0.116668686,0.000198555,14457.60876,4627334.944,5100029.222,0.475702859,15.6,74
Iceland,20.56521739,2/28/20,38,1,0.077820994,0.045628551,0.044111476,0.028861868,0.000906115,0.000593432,0.06909683,0.000104566,71314.7742,170022.6539,167447.8879,0.503814801,5.9,84
India,6.346153846,1/30/20,9,4,0.056872513,0.038856302,0.047559357,0.057406499,0.00139036,0.001255152,0.389945663,0.007493916,1981.268706,708239902.9,672320455.9,0.51300901,65.2,55
Indonesia,22.5,3/2/20,41,38,0.086508373,0.067983472,0.032769978,0.038645995,0.001301311,0.003742273,0.312456186,0.007134501,3836.913814,130150235.1,127984438.1,0.504195091,15.6,57
Iran,644.0625,2/19/20,29,1556,0.077930351,0.049479319,0.023443552,0.017562296,0.000239043,0.000247635,0.202516459,0.000192305,5627.749268,41674967.55,40501143.55,0.507142124,35.1,72
Iraq,7.925925926,2/24/20,34,17,0.096500217,0.057374832,0.033547201,0.023933903,3.13E-05,3.86E-05,0.220371582,0.000401346,5205.288255,22276783.84,21027657.75,0.514422609,57.7,61
Ireland,35.68181818,2/29/20,39,3,0.086953762,0.050297237,0.048904961,0.025395149,0.00086875,0.00055797,0.073339694,0.000127416,69649.88274,2405489.19,2455063.19,0.494900374,8.3,76
Israel,29.43333333,2/21/20,31,1,0.070515964,0.042686248,0.034270013,0.01891563,0.001401552,0.000922589,0.087432863,8.66E-05,40541.86209,4448575.055,4500622.984,0.497092034,19.5,82
Italy,1050.54902,1/31/20,10,4825,0.060826521,0.043107769,0.026592922,0.014884649,0.002764902,0.001831253,0.107620413,0.000149558,32326.84175,29443395.8,31154084.17,0.485884823,15.3,82
Jamaica,1.454545455,3/11/20,50,1,0.093836048,0.082502822,0.026340531,0.016628311,0.006736768,0.006382185,0.221997006,0.000182227,5069.183838,1376338.048,1402925.981,0.495216731,13.3,65
Japan,16.78333333,1/22/20,1,35,0.041149125,0.027389201,0.019337125,0.015104508,0.0001889,0.000149541,0.201680192,0.000185527,38331.9794,62543238.17,65820019.15,0.487236297,11.4,83
Jordan,4.473684211,3/3/20,42,0,0.095411881,0.059469631,0.031242316,0.024576303,5.79E-05,5.73E-05,0.070724199,0.000152077,4162.820687,5667457.544,4981005.604,0.532232442,32.1,76
Kazakhstan,5.888888889,3/13/20,52,0,0.066897061,0.04998147,0.04769131,0.02610091,0.000780024,0.00059997,0.149633073,0.0010455,9247.581331,8659946.11,9244388.1,0.483678757,11.3,76
Kenya,0.777777778,3/13/20,52,0,0.063187143,0.051320674,0.021218786,0.025605916,0.046841451,0.04346923,0.357212846,0.006023412,1568.201541,24112903.31,24213872.98,0.498955344,25.9,55
Kuwait,6.518518519,2/24/20,34,0,0.08631491,0.056728345,0.031779365,0.025081706,7.59E-05,6.30E-05,0.12610118,0.000265527,29759.53245,2315302.346,1946897.7,0.543217662,57.2,76
Kyrgyzstan,3.5,3/18/20,57,0,0.061629029,0.047035412,0.040455581,0.023020542,0.000991911,0.000856643,0.175889879,0.00143652,1219.82,3147882.421,3220693.351,0.494283578,18.1,70
Latvia,6.2,3/2/20,41,0,0.065288064,0.044979612,0.03642348,0.018677816,0.001936153,0.001718696,0.121504942,0.000401309,15548.08231,893181.0108,1052246.346,0.459118151,12.7,71
Lebanon,6.233333333,2/21/20,31,4,0.102250203,0.067498777,0.038456575,0.033150703,0.000273617,0.000264482,0.117429338,0.000238426,7838.343385,4287107.748,4224871.768,0.503655788,30.7,73
Liberia,0.5,3/16/20,55,0,0.06314918,0.04041069,0.028990573,0.024872591,0.008556061,0.008416198,0.332227852,0.004385876,698.7017644,2373164.305,2349473.91,0.502508174,17.2,39
Lithuania,3.608695652,2/28/20,38,1,0.058497595,0.039935066,0.037119193,0.018859887,0.000611896,0.000619957,0.121643781,0.000603173,16840.93857,1311086.514,1536560.785,0.460410429,11.5,73
Luxembourg,30.45454545,2/29/20,39,8,0.095027011,0.051145176,0.044499967,0.022416505,0.00120812,0.000728792,0.07085335,0.000120375,107361.3069,296679.9625,293866.6517,0.502381955,10.2,83
Macedonia,3.4,2/26/20,36,0,0.075721124,0.054729281,0.049106083,0.025937676,5.07E-05,4.15E-05,0.133251158,0.000353841,5417.642019,1095820.186,1079008.121,0.503865148,28.3,72
Madagascar,1.5,3/20/20,59,0,0.05652013,0.044533852,0.028084482,0.032674126,0.001715239,0.002294723,0.369527046,0.004522165,515.292739,13071941.53,13036843.03,0.500672159,21.4,28
Malaysia,20.75438596,1/25/20,4,4,0.078527405,0.070116638,0.025679313,0.031681579,0.001672365,0.001783384,0.202520322,0.003246086,10254.23402,15839528.03,14800299.72,0.516958782,16,73
Maldives,0.928571429,3/8/20,47,0,0.073495669,0.061657755,0.027636062,0.035189984,3.18E-05,5.95E-05,0.18880304,0.002690272,9540.634349,270105.9165,188494.9585,0.588978197,7.6,62
Malta,4.866666667,3/7/20,46,0,0.114055686,0.065958205,0.035088461,0.01864268,0.000833166,0.000553025,0.080031331,0.000133649,27283.54473,217237.9482,217234.3934,0.500004091,14,82
Mauritania,0.25,3/14/20,53,0,0.063673221,0.04935231,0.028718636,0.029921085,0.000362841,0.000545616,0.282749129,0.002530135,1145.547947,1923810.385,1990111.167,0.491530134,40.8,41
Mauritius,3.5,3/18/20,57,1,0.149366919,0.109546445,0.024536642,0.026554237,0.003074088,0.002534557,0.194691658,0.001421513,10484.90836,628020.706,644091.2862,0.493683504,13.5,63
Mexico,8.826086957,2/28/20,38,2,0.112890927,0.100840528,0.035176727,0.026401827,0.001973819,0.00203389,0.247736952,0.000209851,9278.418168,61950268.66,64619451.28,0.489455682,20.1,76
Moldova,5.714285714,3/8/20,47,1,0.063838865,0.045037749,0.033815391,0.017879589,0.002140154,0.001603926,0.154830297,0.00090808,2724.493093,1773248.012,1948572.478,0.47644641,16,69
Mongolia,0.833333333,3/10/20,49,0,0.056476716,0.041818832,0.041685648,0.022689361,0.000167933,0.000199244,0.205282049,0.001765956,3669.41754,1607759.917,1643665.616,0.494478468,40.4,62
Montenegro,2.8,3/17/20,56,0,0.07668476,0.054792941,0.044497099,0.023284767,0.000135226,0.000107553,0.118907292,0.000295517,7784.06529,309842.9771,316474.9631,0.494705576,20.2,68
Morocco,4.8,3/2/20,41,3,0.088582522,0.053620781,0.042025301,0.031094568,0.000429006,0.000419415,0.193713812,0.00127254,3036.171062,17823090.29,17665825.2,0.502215693,31,70
Namibia,0.375,3/14/20,53,0,0.089057682,0.065689481,0.052872292,0.060616477,0.107699386,0.078577179,0.316414262,0.005602144,5646.456008,1138539.664,1214962.911,0.483763934,22.6,62
Nepal,0.01754386,1/25/20,4,0,0.053405964,0.036044624,0.053841407,0.060512509,0.001470802,0.001781109,0.240102656,0.005556618,911.4442665,14295698.09,15595825.8,0.478252569,94.3,48
Netherlands,151.6666667,2/27/20,37,137,0.082721424,0.045896513,0.038561911,0.023778949,0.001070924,0.000692574,0.071391291,0.00010964,48554.99228,8444847.909,8584249.647,0.495906955,12.1,86
New Zealand,2.260869565,2/28/20,38,0,0.044239627,0.025639203,0.035371907,0.018517545,0.000966086,0.000535202,0.10329496,0.000146606,42260.12518,2164564.24,2283810.834,0.486596612,5.7,87
Nicaragua,0.666666667,3/19/20,58,0,0.066530576,0.058878162,0.032588638,0.024371341,0.002636704,0.002790345,0.249213442,0.000416643,2168.195206,3160399.445,3236170.459,0.494077215,16.9,73
Niger,0.5,3/20/20,59,0,0.054255479,0.0424563,0.034944461,0.036733721,0.003150548,0.003659927,0.357912991,0.004021537,375.8694897,10615605.01,10760340.82,0.496614517,70.8,37
Nigeria,0.956521739,2/28/20,38,0,0.040217619,0.028991977,0.032326751,0.031530695,0.022205046,0.024185991,0.275021479,0.005049111,1968.559588,99635859.91,106452086.9,0.48346282,48.7,42
Norway,84.72,2/26/20,36,7,0.073807339,0.04005385,0.040533522,0.017210221,0.001050683,0.000631253,0.074756714,0.000100821,75496.75406,2652121.013,2611056.835,0.503901082,7,87
Oman,1.925925926,2/24/20,34,0,0.098896628,0.06599389,0.024859709,0.019076467,0.000776909,0.000779527,0.136563894,0.000265549,15130.49783,2972356.565,1563458.628,0.655308128,38.2,69
Pakistan,29.2,2/26/20,36,3,0.07697691,0.052178882,0.036864615,0.041512304,0.000483871,0.000559867,0.229495828,0.005519302,1464.993305,109926999.7,104360442.9,0.512988528,55.2,45
Panama,16.66666667,3/10/20,49,1,0.059432294,0.054305108,0.027922495,0.021558364,0.005602293,0.005996128,0.215513626,0.000495793,15166.12443,1969954.278,1951129.194,0.502400495,11.2,79
Papua New Guinea,0.5,3/20/20,59,0,0.141646871,0.088577002,0.082201637,0.071908826,0.005488327,0.004492048,0.502020938,0.004302717,2695.251883,4773273.544,4454277.207,0.517284995,10.9,40
Paraguay,1.285714286,3/8/20,47,1,0.073100683,0.059720653,0.036526261,0.01783051,0.002620741,0.002654902,0.26513681,0.000557303,5680.580768,3507985.952,3423188.973,0.506117071,11.2,69
Peru,19.875,3/6/20,45,5,0.042843502,0.038840236,0.023224133,0.015620186,0.002426992,0.002338754,0.17512721,0.00096145,6710.508029,16669318.38,16550293.29,0.501791488,24.3,77
Philippines,5.903846154,1/30/20,9,19,0.093084574,0.070256342,0.044436702,0.062787701,0.001096442,0.001283639,0.319293592,0.01340257,2981.934151,52491240.63,50979378.64,0.507305755,18.4,61
Poland,29.77777778,3/4/20,43,5,0.067084923,0.041491879,0.051773454,0.02676393,0.000303393,0.000219761,0.116332611,0.000260796,13856.98239,18578757.72,19814303.03,0.483909263,20.5,75
Portugal,64,3/2/20,41,12,0.09965225,0.066401176,0.030956133,0.018730795,0.014225716,0.008908328,0.086928078,0.000266819,21437.3475,5086725.426,5594986.112,0.476208837,7.9,82
Qatar,21.86363636,2/29/20,39,0,0.119275202,0.078571003,0.03749264,0.028752563,6.01E-05,6.35E-05,0.125220216,0.000362803,61264.39648,2071770.459,675540.3514,0.754108509,90.3,68
Romania,14.68,2/26/20,36,0,0.05129647,0.037830057,0.048809409,0.025010775,0.000935488,0.000724732,0.123996616,0.000820944,10807.68448,9467344.851,9966421.105,0.487159559,14.3,74
Russian Federation,6,1/31/20,10,1,0.050774061,0.034851344,0.042249181,0.022353149,0.006558226,0.00491524,0.1438431,0.000761605,10750.58712,67958174.18,78231693.22,0.464862411,13.7,75
Rwanda,2.125,3/14/20,53,0,0.050639629,0.040373027,0.02390115,0.028616561,0.023710024,0.017541888,0.255309076,0.004093851,762.9143746,6088057.471,6466114.969,0.484942954,40.7,57
Saint Lucia,0.25,3/14/20,53,0,0.089398264,0.078453089,0.026780776,0.017020895,0.000523542,0.00088511,0.217025527,0.000231807,9574.3,88006.97119,88467.47366,0.498695272,21.2,68
Saint Vincent and the Grenadines,0.125,3/14/20,53,0,0.111372085,0.09426505,0.022214261,0.013505304,0.002087318,0.003363619,0.242756966,0.000244863,7185.18,58296.80111,55814.84467,0.510875123,21.2,71
Saudi Arabia,19.6,3/2/20,41,0,0.100325723,0.05542067,0.026957357,0.022298666,0.000164377,0.000260769,0.224847498,0.000546508,20803.74257,20010781.41,14433272.26,0.580964761,78.4,74
Senegal,2.35,3/2/20,41,0,0.068314441,0.05231812,0.031055087,0.03167669,0.004466815,0.004344143,0.340011699,0.004293865,1367.218948,7352553.594,7335480.275,0.500581198,37.5,45
Serbia,10.6875,3/6/20,45,1,0.076075404,0.053806682,0.059401383,0.030660906,0.000267496,0.00027487,0.127649153,0.000365585,6284.192672,4399662.488,4474435.909,0.495786985,24.3,65
Seychelles,0.875,3/14/20,53,0,0.096194656,0.078968967,0.027031629,0.033139576,0.000674173,0.001124021,0.209435357,0.001888904,15683.6565,52915.7026,47991.44362,0.524399952,18.7,71
Singapore,7.322033898,1/23/20,2,2,0.062209774,0.039255296,0.017180393,0.014458693,0.000644069,0.000580623,0.201784499,0.000501596,60297.79378,2713920.321,2854560.605,0.487371755,18.3,86
Slovakia,11.125,3/6/20,45,1,0.055935516,0.039108018,0.044340678,0.022738885,5.57E-05,4.24E-05,0.114210935,0.000212321,17510.08899,2644025.08,2775185.068,0.487898607,17.5,77
Slovenia,22.52941176,3/5/20,44,1,0.058650551,0.039896251,0.04417979,0.022061913,8.45E-05,6.20E-05,0.099383934,0.000156859,23442.70428,1026805.889,1042050.388,0.496315718,15.8,79
Somalia,0.166666667,3/16/20,55,0,0.064333687,0.049535438,0.022622186,0.025704704,0.002339393,0.003437573,0.183581685,0.004517364,309.0553548,8667119.795,8213266.629,0.51344321,29.5,25
South Africa,14.11764706,3/5/20,44,0,0.087734658,0.066981281,0.049990552,0.059346518,0.119881961,0.097514301,0.481066203,0.005611943,6132.479841,26875343.96,28077515.73,0.489061791,23.6,69
South Korea,146.65,1/22/20,1,102,0.065918753,0.050010643,0.032154505,0.02601942,0.000381958,0.000374064,0.198083186,0.001004512,29742.83886,26533797.19,26136944.15,0.503767301,24.6,86
Spain,507.48,2/1/20,11,1375,0.061349465,0.037759196,0.036399081,0.016707359,0.004013588,0.002788595,0.051712426,0.00015565,28100.85228,22738268.79,23650943.87,0.490162852,9.5,83
Sri Lanka,1.4,1/27/20,6,0,0.095378805,0.071447478,0.025407897,0.031016604,9.95E-05,0.000114978,0.222613867,0.003208977,4104.630983,10442392,11154045.5,0.483523822,15.2,66
Sudan,0.222222222,3/13/20,52,1,0.069299469,0.042210564,0.033975061,0.024899465,0.002585053,0.003121031,0.519769577,0.000973579,3015.02443,20377879.85,19877670.73,0.506212921,47.9,44
Suriname,0.5,3/14/20,53,0,0.093928946,0.079630362,0.031606633,0.01950318,0.00630832,0.006199903,0.258166725,0.000210296,5379.119415,284168.2489,288294.9125,0.496395695,23.6,71
Sweden,34.56862745,1/31/20,10,20,0.072364801,0.040813606,0.044989408,0.025126367,0.000399825,0.000288183,0.089128974,0.000134148,53744.42903,5039382.782,5005613.699,0.501680891,5.9,86
Switzerland,252.8846154,2/25/20,35,75,0.072616659,0.04117756,0.038096507,0.019796882,0.001982559,0.001215374,0.072114425,0.000129909,80450.04582,4274911.345,4318175.891,0.497482596,10.2,83
Tanzania,1,3/16/20,55,0,0.049655799,0.040628532,0.020967791,0.025460951,0.033789694,0.027851299,0.28883142,0.00523322,1004.841121,26258870.84,27714265,0.486517421,25.6,43
Thailand,6.85,1/22/20,1,1,0.059180768,0.049504829,0.017791173,0.022905827,0.006622296,0.007607439,0.191727682,0.003037621,6578.188865,34524231.79,36101830.82,0.488831325,26.2,80
The Bahamas,0.666666667,3/16/20,55,0,0.080763567,0.07213543,0.023264917,0.015074767,0.011347416,0.01005621,0.205801561,0.000238201,30762.01,181820.4649,193620.0629,0.484285663,17.6,75
The Gambia,0.2,3/17/20,56,0,0.058075112,0.042175003,0.032757795,0.032065987,0.012535986,0.013115975,0.418772869,0.00747396,483.02,1048565.98,1083943.562,0.491705176,32.2,44
Timor-Leste,1,3/21/20,60,0,0.082948623,0.058561274,0.037162503,0.038976771,0.002307874,0.003704866,0.32091685,0.007626823,2000.601161,652365.0045,635121.3693,0.506696628,17.9,52
Togo,1,3/6/20,45,0,0.052801518,0.040468184,0.031483367,0.032653287,0.017231355,0.015673929,0.330839638,0.004668267,624.5449459,3681082.992,3834947.262,0.48976426,32.7,43
Trinidad and Tobago,6.125,3/14/20,53,0,0.122600433,0.10373595,0.023904019,0.014503591,0.006369734,0.0057763,0.21673023,0.000182096,16238.19319,698232.6375,693572.1902,0.501674246,22,74
Tunisia,3.333333333,3/4/20,43,1,0.074203923,0.049137555,0.035022585,0.027813938,0.000320237,0.000373077,0.155041819,0.00034314,3482.186729,5701459.528,5740723.71,0.498284236,35.7,70
Turkey,60.90909091,3/11/20,50,9,0.064164803,0.051416755,0.058726796,0.0421663,6.10E-05,6.69E-05,0.120107688,0.000339017,10513.64842,40264701.12,40192149.79,0.500450871,42,74
Uganda,1,3/21/20,60,0,0.056420273,0.043310746,0.022691207,0.026038768,0.051189771,0.038950176,0.427024088,0.005255532,631.5227198,19220607.42,19857774.09,0.491847581,48.4,45
Ukraine,2.473684211,3/3/20,42,3,0.056094356,0.038409192,0.040839179,0.021806133,0.003847838,0.002970295,0.144830094,0.000803627,2640.675677,20576253.32,24112830.5,0.460431308,18.3,68
United Arab Emirates,2.886792453,1/29/20,8,2,0.115095983,0.06522606,0.045860265,0.033984211,0.000647887,0.000912055,0.194144293,0.000269927,39811.6347,7131870.189,2602230.036,0.732668662,39.4,76
United Kingdom,99.35294118,1/31/20,10,234,0.06653151,0.034141373,0.054326458,0.0272219,0.001295158,0.000793141,0.084467356,0.000171559,40361.41738,32938983.47,33696532.01,0.49431573,10.5,87
United States,424.8166667,1/22/20,1,307,0.069095661,0.043102821,0.044245417,0.035421668,0.004085373,0.002477141,0.06147617,5.98E-05,59927.92983,159911921,164927103,0.492280512,7.4,84
Uruguay,13.75,3/14/20,53,0,0.079417406,0.053948439,0.039234247,0.02165868,0.003592015,0.003293354,0.144262635,0.000273113,16437.24487,1641719.685,1779811.821,0.479820128,8.6,80
Uzbekistan,6.142857143,3/15/20,54,0,0.09003827,0.06865084,0.032857806,0.018321346,0.000558049,0.000418557,0.167581874,0.001085121,1826.566919,16042622.08,16194273.07,0.497647866,25.3,73
Venezuela,8.75,3/14/20,53,0,0.064752974,0.059293845,0.039509123,0.030302491,0.003269086,0.003096062,0.217852217,0.000305132,15692.41,15367280.1,15464460.93,0.498424013,15.8,74
Vietnam,1.593220339,1/23/20,2,0,0.0732934,0.062616413,0.034561215,0.033408903,0.002842864,0.003757147,0.396342435,0.006544933,2365.621666,47625672.16,48515060.01,0.495374552,29.7,75
Zambia,0.5,3/18/20,57,0,0.061951725,0.048508017,0.023910362,0.027700757,0.09702224,0.072738095,0.318848945,0.00572636,1534.865371,8589233.816,8774854.143,0.494655051,24.7,53
Zimbabwe,1.5,3/20/20,59,0,0.09414739,0.069070655,0.055658947,0.064222633,0.117721893,0.07826168,0.288158558,0.004786903,1602.403507,7077355.795,7636398.548,0.481002716,19.4,54